overall,relatable,inspiring,likable,relevant,year,demo
4,4,4,4,4,2018,male-young
4,4,4,4,4,2021,male-young
4,3,4,4,4,2024,male-young
4,3,4,4,4,2018,female-young
4,3,4,4,4,2021,female-young
4,3,4,3,4,2024,female-young
4,3,4,4,4,2018,male-old
4,3,4,4,4,2021,male-old
4,3,4,4,4,2024,male-old
4,3,4,4,4,2018,female-old
4,3,4,4,4,2021,female-old
4,3,4,3,4,2024,female-old
3,2,3,3,3,2018,queer
3,1,2,2,2,2021,queer
3,1,1,1,3,2024,queer
4,3,4,4,4,2018,non-queer
4,3,4,4,4,2021,non-queer
3,3,4,3,4,2024,non-queer
4,4,4,4,4,2018,white
4,4,4,4,4,2021,white
4,3,4,3,4,2024,white
4,2,4,3,4,2018,non-white
3,1,4,3,3,2021,non-white
3,3,4,3,4,2024,non-white
